Workbook

Sheet Leia-me
A1: Comparação módulo de compressão automática x laboratório (MES), PQ Usina 4
A3: ATENÇÃO: os dados das abas Modulo, MES e Amostragem são SIMULADOS, apenas para demonstrar a planilha.
A5: Como usar
A6: 1. Exporte do PIMS (Aspen Process Data no Excel ou exportação do Process Explorer) o mesmo período para as tags abaixo.
A7: 2. Apague os dados simulados e cole os dados reais nas células amarelas das abas Modulo, MES e Amostragem, a partir da linha 2.
A8: 3. Ajuste os parâmetros na aba Parametros (células amarelas). Os valores marcados como 'a confirmar' são hipóteses.
A9: 4. A aba Janelas monta uma linha por resultado do MES, calcula a média do módulo na mesma janela e decide se a janela é válida.
A10: 5. A aba Resumo traz o viés, os limites de concordância (Bland-Altman), o teste t pareado e os gráficos.
A12: Tags de origem
A13: Modulo: 307-GI-001 (carga média, daN/pelota), 307-GI-002 (desvio padrão), qualidade de 307-GI-001. Um ensaio a cada 30 min.
A14: MES: M4710050020-0031-HHLFU (Compressão, mapa IP_MESVALOR, servidor UBU). Um resultado a cada 2 h.
A15: Amostragem: modo de U04-07CR001 e U04-07CR002 (mapa IP_PIDMAP03: Automático ou Manual), falha do sistema (U04-07CR001, U04-07CR002, U04-07AL001, U04-07TP018 pelo mapa IP_PIDMAP01) e alimentação 406-FX-001 (t/h).
... A20: Janela válida: resultado MES presente, módulo com o mínimo de ensaios Good, amostragem em automático e sem falha durante a janela e usina com alimentação acima do mínimo.

Sheet Resumo
A1: Comparação módulo x MES: resumo do período
A2: Período analisado: início | B2: =IFERROR(MIN(Janelas!$A$2:$A$501),"") -> 46315.083
A3: Período analisado: fim | B3: =IFERROR(MAX(Janelas!$A$2:$A$501),"") -> 46319
A4: Janelas com resultado MES | B4: =COUNT(Janelas!$A$2:$A$501) -> 46
A5: Janelas válidas | B5: =COUNTIF(Janelas!$J$2:$J$501,"Válida") -> 39
A6: Percentual de janelas válidas | B6: =IF(B4=0,"",B5/B4) -> 0.84782609
A7: Inválidas: amostragem em manual ou em falha | B7: =COUNTIF(Janelas!$J$2:$J$501,"Inválida: amostragem*") -> 5
A8: Inválidas: poucos ensaios do módulo | B8: =COUNTIF(Janelas!$J$2:$J$501,"Inválida: poucos*") -> 2
A9: Inválidas: usina parada ou baixa alimentação | B9: =COUNTIF(Janelas!$J$2:$J$501,"Inválida: usina*") -> 0
A10: Inválidas: sem resultado MES | B10: =COUNTIF(Janelas!$J$2:$J$501,"Inválida: sem*") -> 0
A12: Viés médio, módulo menos MES (daN/pelota) | B12: =IFERROR(AVERAGE(Janelas!$K$2:$K$501),"") -> 6.7831197 | C12: Positivo: o módulo mede mais que o laboratório.
A13: Desvio padrão das diferenças (daN/pelota) | B13: =IFERROR(STDEV(Janelas!$K$2:$K$501),"") -> 10.598985 | C13: Inclui a variação natural entre as pelotas e a diferença de amostra entre os dois métodos.
A14: Viés relativo médio | B14: =IFERROR(AVERAGE(Janelas!$L$2:$L$501),"") -> 0.024823548
A15: Limite inferior de concordância (viés menos 1,96 DP) | B15: =IFERROR(B12-1.96*B13,"") -> -13.990891 | C15: Faixa em que se esperam 95 % das diferenças, se o comportamento se mantiver.
A16: Limite superior de concordância (viés mais 1,96 DP) | B16: =IFERROR(B12+1.96*B13,"") -> 27.557131
A17: Teste t pareado: estatística t | B17: =IFERROR(B12/(B13/SQRT(B5)),"") -> 3.9966627 | C17: Compara o viés médio com zero.
A18: Teste t pareado: p-valor (bilateral) | B18: =IFERROR(TDIST(ABS(B17),B5-1,2),"") -> 0.00028520041 | C18: Abaixo de 0,05: o viés é estatisticamente significativo.
A19: Correlação entre módulo e MES (janelas válidas) | B19: =IFERROR(CORREL(Janelas!$T$2:$T$501,Janelas!$U$2:$U$501),"") -> 0.80041502 | C19: Depende da faixa de variação do período: em período estável a correlação tende a ser baixa mesmo com boa concordância.
A20: Janelas válidas fora dos limites de concordância | B20: =COUNTIF(Janelas!$N$2:$N$501,"Sim") -> 2
A21: Diferença esperada só pelo acaso das pelotas, 95 % (daN/pelota) | B21: =IFERROR(1.96*AVERAGE(Janelas!$G$2:$G$501)*SQRT(1/Parametros!$B$8+1/(Parametros!$B$9*AVERAGE(Janelas!$E$2:$E$501))),"") -> 17.693839 | C21: Referência de quanto os dois métodos podem diferir mesmo medindo o mesmo material, só pelas pelotas sorteadas. Usa o DP médio do módulo e as quantidades de pelotas dos Parametros. Se o DP das diferenças (B13) for muito maior que isso, há outra fonte de diferença (amostra diferente, calibração ou horário).
A22: Conclusão | B22: =IF(B5<10,"Poucas janelas válidas. Recomendado: no mínimo 30.",IF(B18<0.05,"Há viés estatisticamente significativo entre módulo e MES.","Não há evidência de viés entre módulo e MES."))&IF(B5<30," Amostra ainda pequena.","") -> Há viés estatisticamente significativo entre módulo e MES.

Sheet Parametros
A1: Parâmetro | B1: Valor | C1: Unidade | D1: Observação
A2: Duração da janela do MES | B2: 2 | C2: h | D2: Um resultado do MES a cada 2 h (informado pelo LCE)
A3: Início da janela em relação ao horário do resultado MES | B3: -2 | C3: h | D3: A confirmar. -2 significa que o resultado das 10:00 representa a amostra composta de 08:00 a 10:00. Use 0 se o horário marcar o início.
A4: Mínimo de ensaios do módulo na janela | B4: 3 | C4: ensaios | D4: Esperados 4 ensaios (um a cada 30 min) por janela de 2 h
A5: Fração mínima do tempo em automático e sem falha | B5: 1 | D5: 1 = 100 % da janela em automático e sem falha
A6: Alimentação mínima (406-FX-001) | B6: 300 | C6: t/h | D6: A confirmar. Abaixo disso a usina é considerada parada ou em baixa carga
A7: Qualidade aceita do módulo | B7: Good | D7: Ensaios com qualidade diferente são descartados
A8: Pelotas por ensaio no laboratório | B8: 60 | C8: pelotas | D8: A confirmar com o procedimento do LCE
A9: Pelotas por ensaio no módulo | B9: 20 | C9: pelotas | D9: A confirmar com o fornecedor do módulo

Sheet Modulo
A1: Data e hora do ensaio | B1: Carga média 307-GI-001 (daN/pelota) | C1: Desvio padrão 307-GI-002 (daN/pelota) | D1: Qualidade 307-GI-001
A2: 46315.021 | B2: 303.1 | C2: 52.6 | D2: Good
A3: 46315.042 | B3: 297.8 | C3: 44.5 | D3: Good
A4: 46315.062 | B4: 309.7 | C4: 54.7 | D4: Good
A5: 46315.083 | B5: 306.3 | C5: 57.8 | D5: Bad
A6: 46315.104 | B6: 310.5 | C6: 58.9 | D6: Bad
A7: 46315.125 | B7: 310.4 | C7: 58.6 | D7: Good
A8: 46315.146 | B8: 325.9 | C8: 52.4 | D8: Good
A9: 46315.167 | B9: 307.8 | C9: 54.5 | D9: Good
A10: 46315.188 | B10: 309.1 | C10: 53.9 | D10: Good
A11: 46315.208 | B11: 318.4 | C11: 46.4 | D11: Good
A12: 46315.229 | B12: 309.8 | C12: 45.9 | D12: Good
A13: 46315.25 | B13: 302.4 | C13: 56.4 | D13: Good
... A185: 46319 | B185: 298.5 | C185: 45.5 | D185: Good

Sheet MES
A1: Data e hora do resultado | B1: Compressão MES M4710050020-0031-HHLFU (daN/pelota)
A2: 46315.083 | B2: 304
A3: 46315.167 | B3: 309
A4: 46315.25 | B4: 310
A5: 46315.333 | B5: 291
A6: 46315.417 | B6: 315
A7: 46315.5 | B7: 313
A8: 46315.583 | B8: 299
A9: 46315.667 | B9: 294
A10: 46315.75 | B10: 296
A11: 46315.833 | B11: 303
A12: 46315.917 | B12: 281
A13: 46316 | B13: 277
... A47: 46319 | B47: 290

Sheet Amostragem
A1: Data e hora | B1: Modo 07CR001 (Automático/Manual) | C1: Modo 07CR002 (Automático/Manual) | D1: Falha no sistema (0 = não, 1 = sim) | E1: Alimentação 406-FX-001 (t/h)
A2: 46315 | B2: Automático | C2: Automático | D2: 0 | E2: 1250.7
A3: 46315.007 | B3: Automático | C3: Automático | D3: 0 | E3: 1193.9
A4: 46315.014 | B4: Automático | C4: Automático | D4: 0 | E4: 1224.3
A5: 46315.021 | B5: Automático | C5: Automático | D5: 0 | E5: 1210.4
A6: 46315.028 | B6: Automático | C6: Automático | D6: 0 | E6: 1148
A7: 46315.035 | B7: Automático | C7: Automático | D7: 0 | E7: 1193
A8: 46315.042 | B8: Automático | C8: Automático | D8: 0 | E8: 1176.9
A9: 46315.049 | B9: Automático | C9: Automático | D9: 0 | E9: 1156.5
A10: 46315.056 | B10: Automático | C10: Automático | D10: 0 | E10: 1145.7
A11: 46315.062 | B11: Automático | C11: Automático | D11: 0 | E11: 1192.6
A12: 46315.069 | B12: Automático | C12: Automático | D12: 0 | E12: 1204.8
A13: 46315.076 | B13: Automático | C13: Automático | D13: 0 | E13: 1199.8
... A577: 46318.993 | B577: Automático | C577: Automático | D577: 0 | E577: 1194.2

Sheet Janelas
A1: Horário do resultado MES | B1: Compressão MES (daN/pelota) | C1: Início da janela | D1: Fim da janela | E1: Ensaios do módulo (Good) | F1: Média do módulo (daN/pelota) | G1: DP médio do módulo (daN/pelota) | H1: Fração em automático e sem falha | I1: Alimentação média (t/h) | J1: Situação da janela | K1: Diferença módulo menos MES (daN/pelota) | L1: Diferença relativa | M1: Média dos dois métodos (daN/pelota) | N1: Fora dos limites de concordância? | O1: X gráfico | P1: MES gráfico | Q1: Módulo gráfico | R1: Diferença gráfico | S1: Média gráfico | T1: MES válida | U1: Módulo válido
A2: =IF(MES!A2="","",MES!A2) -> 46315.083 | B2: =IF(A2="","",MES!B2) -> 304 | C2: =IF(A2="","",A2+Parametros!$B$3/24) -> 46315 | D2: =IF(A2="","",C2+Parametros!$B$2/24) -> 46315.083 | E2: =IF(A2="","",COUNTIFS(Modulo!$A$2:$A$5001,">="&C2,Modulo!$A$2:$A$5001,"<"&D2,Modulo!$D$2:$D$5001,Parametros!$B$7)) -> 3 | F2: =IF(A2="","",IF(E2=0,"",AVERAGEIFS(Modulo!$B$2:$B$5001,Modulo!$A$2:$A$5001,">="&C2,Modulo!$A$2:$A$5001,"<"&D2,Modulo!$D$2:$D$5001,Parametros!$B$7))) -> 303.53333 | G2: =IF(A2="","",IF(E2=0,"",AVERAGEIFS(Modulo!$C$2:$C$5001,Modulo!$A$2:$A$5001,">="&C2,Modulo!$A$2:$A$5001,"<"&D2,Modulo!$D$2:$D$5001,Parametros!$B$7))) -> 50.6 | H2: =IF(A2="","",IFERROR(COUNTIFS(Amostragem!$A$2:$A$15003,">="&C2,Amostragem!$A$2:$A$15003,"<"&D2,Amostragem!$B$2:$B$15003,"Automático",Amostragem!$C$2:$C$15003,"Automático",Amostragem!$D$2:$D$15003,0)/COUNTIFS(Amostragem!$A$2:$A$15003,">="&C2,Amostragem!$A$2:$A$15003,"<"&D2),0)) -> 1 | I2: =IF(A2="","",IFERROR(AVERAGEIFS(Amostragem!$E$2:$E$15003,Amostragem!$A$2:$A$15003,">="&C2,Amostragem!$A$2:$A$15003,"<"&D2),"")) -> 1191.3833 | J2: =IF(A2="","",IF(B2="","Inválida: sem resultado MES",IF(E2<Parametros!$B$4,"Inválida: poucos ensaios do módulo",IF(H2<Parametros!$B$5,"Inválida: amostragem em manual ou em falha",IF(OR(I2="",I2<Parametros!$B$6),"Inválida: usina parada ou baixa alimentação","Válida"))))) -> Válida | K2: =IF(J2="Válida",F2-B2,"") -> -0.46666667 | L2: =IF(J2="Válida",K2/B2,"") -> -0.0015350877 | M2: =IF(J2="Válida",(F2+B2)/2,"") -> 303.76667 | N2: =IF(K2="","",IF(OR(K2>Resumo!$B$16,K2<Resumo!$B$15),"Sim","Não")) -> Não | O2: =IF(A2="",NA(),A2) -> 46315.083 | P2: =IF(A2="",NA(),B2) -> 304 | Q2: =IF(F2="",NA(),F2) -> 303.53333 | R2: =IF(K2="",NA(),K2) -> -0.46666667 | S2: =IF(M2="",NA(),M2) -> 303.76667 | T2: =IF(J2="Válida",B2,"") -> 304 | U2: =IF(J2="Válida",F2,"") -> 303.53333
A3: =IF(MES!A3="","",MES!A3) -> 46315.167 | B3: =IF(A3="","",MES!B3) -> 309 | C3: =IF(A3="","",A3+Parametros!$B$3/24) -> 46315.083 | D3: =IF(A3="","",C3+Parametros!$B$2/24) -> 46315.167 | E3: =IF(A3="","",COUNTIFS(Modulo!$A$2:$A$5001,">="&C3,Modulo!$A$2:$A$5001,"<"&D3,Modulo!$D$2:$D$5001,Parametros!$B$7)) -> 2 | F3: =IF(A3="","",IF(E3=0,"",AVERAGEIFS(Modulo!$B$2:$B$5001,Modulo!$A$2:$A$5001,">="&C3,Modulo!$A$2:$A$5001,"<"&D3,Modulo!$D$2:$D$5001,Parametros!$B$7))) -> 318.15 | G3: =IF(A3="","",IF(E3=0,"",AVERAGEIFS(Modulo!$C$2:$C$5001,Modulo!$A$2:$A$5001,">="&C3,Modulo!$A$2:$A$5001,"<"&D3,Modulo!$D$2:$D$5001,Parametros!$B$7))) -> 55.5 | H3: =IF(A3="","",IFERROR(COUNTIFS(Amostragem!$A$2:$A$15003,">="&C3,Amostragem!$A$2:$A$15003,"<"&D3,Amostragem!$B$2:$B$15003,"Automático",Amostragem!$C$2:$C$15003,"Automático",Amostragem!$D$2:$D$15003,0)/COUNTIFS(Amostragem!$A$2:$A$15003,">="&C3,Amostragem!$A$2:$A$15003,"<"&D3),0)) -> 1 | I3: =IF(A3="","",IFERROR(AVERAGEIFS(Amostragem!$E$2:$E$15003,Amostragem!$A$2:$A$15003,">="&C3,Amostragem!$A$2:$A$15003,"<"&D3),"")) -> 1178.975 | J3: =IF(A3="","",IF(B3="","Inválida: sem resultado MES",IF(E3<Parametros!$B$4,"Inválida: poucos ensaios do módulo",IF(H3<Parametros!$B$5,"Inválida: amostragem em manual ou em falha",IF(OR(I3="",I3<Parametros!$B$6),"Inválida: usina parada ou baixa alimentação","Válida"))))) -> Inválida: poucos ensaios do módulo | K3: =IF(J3="Válida",F3-B3,"") | L3: =IF(J3="Válida",K3/B3,"") | M3: =IF(J3="Válida",(F3+B3)/2,"") | N3: =IF(K3="","",IF(OR(K3>Resumo!$B$16,K3<Resumo!$B$15),"Sim","Não")) | O3: =IF(A3="",NA(),A3) -> 46315.167 | P3: =IF(A3="",NA(),B3) -> 309 | Q3: =IF(F3="",NA(),F3) -> 318.15 | R3: =IF(K3="",NA(),K3) -> #N/A | S3: =IF(M3="",NA(),M3) -> #N/A | T3: =IF(J3="Válida",B3,"") | U3: =IF(J3="Válida",F3,"")
A4: =IF(MES!A4="","",MES!A4) -> 46315.25 | B4: =IF(A4="","",MES!B4) -> 310 | C4: =IF(A4="","",A4+Parametros!$B$3/24) -> 46315.167 | D4: =IF(A4="","",C4+Parametros!$B$2/24) -> 46315.25 | E4: =IF(A4="","",COUNTIFS(Modulo!$A$2:$A$5001,">="&C4,Modulo!$A$2:$A$5001,"<"&D4,Modulo!$D$2:$D$5001,Parametros!$B$7)) -> 4 | F4: =IF(A4="","",IF(E4=0,"",AVERAGEIFS(Modulo!$B$2:$B$5001,Modulo!$A$2:$A$5001,">="&C4,Modulo!$A$2:$A$5001,"<"&D4,Modulo!$D$2:$D$5001,Parametros!$B$7))) -> 311.275 | G4: =IF(A4="","",IF(E4=0,"",AVERAGEIFS(Modulo!$C$2:$C$5001,Modulo!$A$2:$A$5001,">="&C4,Modulo!$A$2:$A$5001,"<"&D4,Modulo!$D$2:$D$5001,Parametros!$B$7))) -> 50.175 | H4: =IF(A4="","",IFERROR(COUNTIFS(Amostragem!$A$2:$A$15003,">="&C4,Amostragem!$A$2:$A$15003,"<"&D4,Amostragem!$B$2:$B$15003,"Automático",Amostragem!$C$2:$C$15003,"Automático",Amostragem!$D$2:$D$15003,0)/COUNTIFS(Amostragem!$A$2:$A$15003,">="&C4,Amostragem!$A$2:$A$15003,"<"&D4),0)) -> 1 | I4: =IF(A4="","",IFERROR(AVERAGEIFS(Amostragem!$E$2:$E$15003,Amostragem!$A$2:$A$15003,">="&C4,Amostragem!$A$2:$A$15003,"<"&D4),"")) -> 1188.9167 | J4: =IF(A4="","",IF(B4="","Inválida: sem resultado MES",IF(E4<Parametros!$B$4,"Inválida: poucos ensaios do módulo",IF(H4<Parametros!$B$5,"Inválida: amostragem em manual ou em falha",IF(OR(I4="",I4<Parametros!$B$6),"Inválida: usina parada ou baixa alimentação","Válida"))))) -> Válida | K4: =IF(J4="Válida",F4-B4,"") -> 1.275 | L4: =IF(J4="Válida",K4/B4,"") -> 0.0041129032 | M4: =IF(J4="Válida",(F4+B4)/2,"") -> 310.6375 | N4: =IF(K4="","",IF(OR(K4>Resumo!$B$16,K4<Resumo!$B$15),"Sim","Não")) -> Não | O4: =IF(A4="",NA(),A4) -> 46315.25 | P4: =IF(A4="",NA(),B4) -> 310 | Q4: =IF(F4="",NA(),F4) -> 311.275 | R4: =IF(K4="",NA(),K4) -> 1.275 | S4: =IF(M4="",NA(),M4) -> 310.6375 | T4: =IF(J4="Válida",B4,"") -> 310 | U4: =IF(J4="Válida",F4,"") -> 311.275
A5: =IF(MES!A5="","",MES!A5) -> 46315.333 | B5: =IF(A5="","",MES!B5) -> 291 | C5: =IF(A5="","",A5+Parametros!$B$3/24) -> 46315.25 | D5: =IF(A5="","",C5+Parametros!$B$2/24) -> 46315.333 | E5: =IF(A5="","",COUNTIFS(Modulo!$A$2:$A$5001,">="&C5,Modulo!$A$2:$A$5001,"<"&D5,Modulo!$D$2:$D$5001,Parametros!$B$7)) -> 4 | F5: =IF(A5="","",IF(E5=0,"",AVERAGEIFS(Modulo!$B$2:$B$5001,Modulo!$A$2:$A$5001,">="&C5,Modulo!$A$2:$A$5001,"<"&D5,Modulo!$D$2:$D$5001,Parametros!$B$7))) -> 303.575 | G5: =IF(A5="","",IF(E5=0,"",AVERAGEIFS(Modulo!$C$2:$C$5001,Modulo!$A$2:$A$5001,">="&C5,Modulo!$A$2:$A$5001,"<"&D5,Modulo!$D$2:$D$5001,Parametros!$B$7))) -> 51.55 | H5: =IF(A5="","",IFERROR(COUNTIFS(Amostragem!$A$2:$A$15003,">="&C5,Amostragem!$A$2:$A$15003,"<"&D5,Amostragem!$B$2:$B$15003,"Automático",Amostragem!$C$2:$C$15003,"Automático",Amostragem!$D$2:$D$15003,0)/COUNTIFS(Amostragem!$A$2:$A$15003,">="&C5,Amostragem!$A$2:$A$15003,"<"&D5),0)) -> 1 | I5: =IF(A5="","",IFERROR(AVERAGEIFS(Amostragem!$E$2:$E$15003,Amostragem!$A$2:$A$15003,">="&C5,Amostragem!$A$2:$A$15003,"<"&D5),"")) -> 1191.0667 | J5: =IF(A5="","",IF(B5="","Inválida: sem resultado MES",IF(E5<Parametros!$B$4,"Inválida: poucos ensaios do módulo",IF(H5<Parametros!$B$5,"Inválida: amostragem em manual ou em falha",IF(OR(I5="",I5<Parametros!$B$6),"Inválida: usina parada ou baixa alimentação","Válida"))))) -> Válida | K5: =IF(J5="Válida",F5-B5,"") -> 12.575 | L5: =IF(J5="Válida",K5/B5,"") -> 0.043213058 | M5: =IF(J5="Válida",(F5+B5)/2,"") -> 297.2875 | N5: =IF(K5="","",IF(OR(K5>Resumo!$B$16,K5<Resumo!$B$15),"Sim","Não")) -> Não | O5: =IF(A5="",NA(),A5) -> 46315.333 | P5: =IF(A5="",NA(),B5) -> 291 | Q5: =IF(F5="",NA(),F5) -> 303.575 | R5: =IF(K5="",NA(),K5) -> 12.575 | S5: =IF(M5="",NA(),M5) -> 297.2875 | T5: =IF(J5="Válida",B5,"") -> 291 | U5: =IF(J5="Válida",F5,"") -> 303.575
A6: =IF(MES!A6="","",MES!A6) -> 46315.417 | B6: =IF(A6="","",MES!B6) -> 315 | C6: =IF(A6="","",A6+Parametros!$B$3/24) -> 46315.333 | D6: =IF(A6="","",C6+Parametros!$B$2/24) -> 46315.417 | E6: =IF(A6="","",COUNTIFS(Modulo!$A$2:$A$5001,">="&C6,Modulo!$A$2:$A$5001,"<"&D6,Modulo!$D$2:$D$5001,Parametros!$B$7)) -> 4 | F6: =IF(A6="","",IF(E6=0,"",AVERAGEIFS(Modulo!$B$2:$B$5001,Modulo!$A$2:$A$5001,">="&C6,Modulo!$A$2:$A$5001,"<"&D6,Modulo!$D$2:$D$5001,Parametros!$B$7))) -> 303.625 | G6: =IF(A6="","",IF(E6=0,"",AVERAGEIFS(Modulo!$C$2:$C$5001,Modulo!$A$2:$A$5001,">="&C6,Modulo!$A$2:$A$5001,"<"&D6,Modulo!$D$2:$D$5001,Parametros!$B$7))) -> 55.95 | H6: =IF(A6="","",IFERROR(COUNTIFS(Amostragem!$A$2:$A$15003,">="&C6,Amostragem!$A$2:$A$15003,"<"&D6,Amostragem!$B$2:$B$15003,"Automático",Amostragem!$C$2:$C$15003,"Automático",Amostragem!$D$2:$D$15003,0)/COUNTIFS(Amostragem!$A$2:$A$15003,">="&C6,Amostragem!$A$2:$A$15003,"<"&D6),0)) -> 1 | I6: =IF(A6="","",IFERROR(AVERAGEIFS(Amostragem!$E$2:$E$15003,Amostragem!$A$2:$A$15003,">="&C6,Amostragem!$A$2:$A$15003,"<"&D6),"")) -> 1193.4 | J6: =IF(A6="","",IF(B6="","Inválida: sem resultado MES",IF(E6<Parametros!$B$4,"Inválida: poucos ensaios do módulo",IF(H6<Parametros!$B$5,"Inválida: amostragem em manual ou em falha",IF(OR(I6="",I6<Parametros!$B$6),"Inválida: usina parada ou baixa alimentação","Válida"))))) -> Válida | K6: =IF(J6="Válida",F6-B6,"") -> -11.375 | L6: =IF(J6="Válida",K6/B6,"") -> -0.036111111 | M6: =IF(J6="Válida",(F6+B6)/2,"") -> 309.3125 | N6: =IF(K6="","",IF(OR(K6>Resumo!$B$16,K6<Resumo!$B$15),"Sim","Não")) -> Não | O6: =IF(A6="",NA(),A6) -> 46315.417 | P6: =IF(A6="",NA(),B6) -> 315 | Q6: =IF(F6="",NA(),F6) -> 303.625 | R6: =IF(K6="",NA(),K6) -> -11.375 | S6: =IF(M6="",NA(),M6) -> 309.3125 | T6: =IF(J6="Válida",B6,"") -> 315 | U6: =IF(J6="Válida",F6,"") -> 303.625
A7: =IF(MES!A7="","",MES!A7) -> 46315.5 | B7: =IF(A7="","",MES!B7) -> 313 | C7: =IF(A7="","",A7+Parametros!$B$3/24) -> 46315.417 | D7: =IF(A7="","",C7+Parametros!$B$2/24) -> 46315.5 | E7: =IF(A7="","",COUNTIFS(Modulo!$A$2:$A$5001,">="&C7,Modulo!$A$2:$A$5001,"<"&D7,Modulo!$D$2:$D$5001,Parametros!$B$7)) -> 4 | F7: =IF(A7="","",IF(E7=0,"",AVERAGEIFS(Modulo!$B$2:$B$5001,Modulo!$A$2:$A$5001,">="&C7,Modulo!$A$2:$A$5001,"<"&D7,Modulo!$D$2:$D$5001,Parametros!$B$7))) -> 306.55 | G7: =IF(A7="","",IF(E7=0,"",AVERAGEIFS(Modulo!$C$2:$C$5001,Modulo!$A$2:$A$5001,">="&C7,Modulo!$A$2:$A$5001,"<"&D7,Modulo!$D$2:$D$5001,Parametros!$B$7))) -> 50.25 | H7: =IF(A7="","",IFERROR(COUNTIFS(Amostragem!$A$2:$A$15003,">="&C7,Amostragem!$A$2:$A$15003,"<"&D7,Amostragem!$B$2:$B$15003,"Automático",Amostragem!$C$2:$C$15003,"Automático",Amostragem!$D$2:$D$15003,0)/COUNTIFS(Amostragem!$A$2:$A$15003,">="&C7,Amostragem!$A$2:$A$15003,"<"&D7),0)) -> 1 | I7: =IF(A7="","",IFERROR(AVERAGEIFS(Amostragem!$E$2:$E$15003,Amostragem!$A$2:$A$15003,">="&C7,Amostragem!$A$2:$A$15003,"<"&D7),"")) -> 1183.9667 | J7: =IF(A7="","",IF(B7="","Inválida: sem resultado MES",IF(E7<Parametros!$B$4,"Inválida: poucos ensaios do módulo",IF(H7<Parametros!$B$5,"Inválida: amostragem em manual ou em falha",IF(OR(I7="",I7<Parametros!$B$6),"Inválida: usina parada ou baixa alimentação","Válida"))))) -> Válida | K7: =IF(J7="Válida",F7-B7,"") -> -6.45 | L7: =IF(J7="Válida",K7/B7,"") -> -0.020607029 | M7: =IF(J7="Válida",(F7+B7)/2,"") -> 309.775 | N7: =IF(K7="","",IF(OR(K7>Resumo!$B$16,K7<Resumo!$B$15),"Sim","Não")) -> Não | O7: =IF(A7="",NA(),A7) -> 46315.5 | P7: =IF(A7="",NA(),B7) -> 313 | Q7: =IF(F7="",NA(),F7) -> 306.55 | R7: =IF(K7="",NA(),K7) -> -6.45 | S7: =IF(M7="",NA(),M7) -> 309.775 | T7: =IF(J7="Válida",B7,"") -> 313 | U7: =IF(J7="Válida",F7,"") -> 306.55
A8: =IF(MES!A8="","",MES!A8) -> 46315.583 | B8: =IF(A8="","",MES!B8) -> 299 | C8: =IF(A8="","",A8+Parametros!$B$3/24) -> 46315.5 | D8: =IF(A8="","",C8+Parametros!$B$2/24) -> 46315.583 | E8: =IF(A8="","",COUNTIFS(Modulo!$A$2:$A$5001,">="&C8,Modulo!$A$2:$A$5001,"<"&D8,Modulo!$D$2:$D$5001,Parametros!$B$7)) -> 4 | F8: =IF(A8="","",IF(E8=0,"",AVERAGEIFS(Modulo!$B$2:$B$5001,Modulo!$A$2:$A$5001,">="&C8,Modulo!$A$2:$A$5001,"<"&D8,Modulo!$D$2:$D$5001,Parametros!$B$7))) -> 307.35 | G8: =IF(A8="","",IF(E8=0,"",AVERAGEIFS(Modulo!$C$2:$C$5001,Modulo!$A$2:$A$5001,">="&C8,Modulo!$A$2:$A$5001,"<"&D8,Modulo!$D$2:$D$5001,Parametros!$B$7))) -> 57.475 | H8: =IF(A8="","",IFERROR(COUNTIFS(Amostragem!$A$2:$A$15003,">="&C8,Amostragem!$A$2:$A$15003,"<"&D8,Amostragem!$B$2:$B$15003,"Automático",Amostragem!$C$2:$C$15003,"Automático",Amostragem!$D$2:$D$15003,0)/COUNTIFS(Amostragem!$A$2:$A$15003,">="&C8,Amostragem!$A$2:$A$15003,"<"&D8),0)) -> 1 | I8: =IF(A8="","",IFERROR(AVERAGEIFS(Amostragem!$E$2:$E$15003,Amostragem!$A$2:$A$15003,">="&C8,Amostragem!$A$2:$A$15003,"<"&D8),"")) -> 1179.9333 | J8: =IF(A8="","",IF(B8="","Inválida: sem resultado MES",IF(E8<Parametros!$B$4,"Inválida: poucos ensaios do módulo",IF(H8<Parametros!$B$5,"Inválida: amostragem em manual ou em falha",IF(OR(I8="",I8<Parametros!$B$6),"Inválida: usina parada ou baixa alimentação","Válida"))))) -> Válida | K8: =IF(J8="Válida",F8-B8,"") -> 8.35 | L8: =IF(J8="Válida",K8/B8,"") -> 0.027926421 | M8: =IF(J8="Válida",(F8+B8)/2,"") -> 303.175 | N8: =IF(K8="","",IF(OR(K8>Resumo!$B$16,K8<Resumo!$B$15),"Sim","Não")) -> Não | O8: =IF(A8="",NA(),A8) -> 46315.583 | P8: =IF(A8="",NA(),B8) -> 299 | Q8: =IF(F8="",NA(),F8) -> 307.35 | R8: =IF(K8="",NA(),K8) -> 8.35 | S8: =IF(M8="",NA(),M8) -> 303.175 | T8: =IF(J8="Válida",B8,"") -> 299 | U8: =IF(J8="Válida",F8,"") -> 307.35
A9: =IF(MES!A9="","",MES!A9) -> 46315.667 | B9: =IF(A9="","",MES!B9) -> 294 | C9: =IF(A9="","",A9+Parametros!$B$3/24) -> 46315.583 | D9: =IF(A9="","",C9+Parametros!$B$2/24) -> 46315.667 | E9: =IF(A9="","",COUNTIFS(Modulo!$A$2:$A$5001,">="&C9,Modulo!$A$2:$A$5001,"<"&D9,Modulo!$D$2:$D$5001,Parametros!$B$7)) -> 4 | F9: =IF(A9="","",IF(E9=0,"",AVERAGEIFS(Modulo!$B$2:$B$5001,Modulo!$A$2:$A$5001,">="&C9,Modulo!$A$2:$A$5001,"<"&D9,Modulo!$D$2:$D$5001,Parametros!$B$7))) -> 304.575 | G9: =IF(A9="","",IF(E9=0,"",AVERAGEIFS(Modulo!$C$2:$C$5001,Modulo!$A$2:$A$5001,">="&C9,Modulo!$A$2:$A$5001,"<"&D9,Modulo!$D$2:$D$5001,Parametros!$B$7))) -> 53.5 | H9: =IF(A9="","",IFERROR(COUNTIFS(Amostragem!$A$2:$A$15003,">="&C9,Amostragem!$A$2:$A$15003,"<"&D9,Amostragem!$B$2:$B$15003,"Automático",Amostragem!$C$2:$C$15003,"Automático",Amostragem!$D$2:$D$15003,0)/COUNTIFS(Amostragem!$A$2:$A$15003,">="&C9,Amostragem!$A$2:$A$15003,"<"&D9),0)) -> 1 | I9: =IF(A9="","",IFERROR(AVERAGEIFS(Amostragem!$E$2:$E$15003,Amostragem!$A$2:$A$15003,">="&C9,Amostragem!$A$2:$A$15003,"<"&D9),"")) -> 1185.6167 | J9: =IF(A9="","",IF(B9="","Inválida: sem resultado MES",IF(E9<Parametros!$B$4,"Inválida: poucos ensaios do módulo",IF(H9<Parametros!$B$5,"Inválida: amostragem em manual ou em falha",IF(OR(I9="",I9<Parametros!$B$6),"Inválida: usina parada ou baixa alimentação","Válida"))))) -> Válida | K9: =IF(J9="Válida",F9-B9,"") -> 10.575 | L9: =IF(J9="Válida",K9/B9,"") -> 0.035969388 | M9: =IF(J9="Válida",(F9+B9)/2,"") -> 299.2875 | N9: =IF(K9="","",IF(OR(K9>Resumo!$B$16,K9<Resumo!$B$15),"Sim","Não")) -> Não | O9: =IF(A9="",NA(),A9) -> 46315.667 | P9: =IF(A9="",NA(),B9) -> 294 | Q9: =IF(F9="",NA(),F9) -> 304.575 | R9: =IF(K9="",NA(),K9) -> 10.575 | S9: =IF(M9="",NA(),M9) -> 299.2875 | T9: =IF(J9="Válida",B9,"") -> 294 | U9: =IF(J9="Válida",F9,"") -> 304.575
A10: =IF(MES!A10="","",MES!A10) -> 46315.75 | B10: =IF(A10="","",MES!B10) -> 296 | C10: =IF(A10="","",A10+Parametros!$B$3/24) -> 46315.667 | D10: =IF(A10="","",C10+Parametros!$B$2/24) -> 46315.75 | E10: =IF(A10="","",COUNTIFS(Modulo!$A$2:$A$5001,">="&C10,Modulo!$A$2:$A$5001,"<"&D10,Modulo!$D$2:$D$5001,Parametros!$B$7)) -> 4 | F10: =IF(A10="","",IF(E10=0,"",AVERAGEIFS(Modulo!$B$2:$B$5001,Modulo!$A$2:$A$5001,">="&C10,Modulo!$A$2:$A$5001,"<"&D10,Modulo!$D$2:$D$5001,Parametros!$B$7))) -> 309.75 | G10: =IF(A10="","",IF(E10=0,"",AVERAGEIFS(Modulo!$C$2:$C$5001,Modulo!$A$2:$A$5001,">="&C10,Modulo!$A$2:$A$5001,"<"&D10,Modulo!$D$2:$D$5001,Parametros!$B$7))) -> 51.8 | H10: =IF(A10="","",IFERROR(COUNTIFS(Amostragem!$A$2:$A$15003,">="&C10,Amostragem!$A$2:$A$15003,"<"&D10,Amostragem!$B$2:$B$15003,"Automático",Amostragem!$C$2:$C$15003,"Automático",Amostragem!$D$2:$D$15003,0)/COUNTIFS(Amostragem!$A$2:$A$15003,">="&C10,Amostragem!$A$2:$A$15003,"<"&D10),0)) -> 1 | I10: =IF(A10="","",IFERROR(AVERAGEIFS(Amostragem!$E$2:$E$15003,Amostragem!$A$2:$A$15003,">="&C10,Amostragem!$A$2:$A$15003,"<"&D10),"")) -> 1175.7583 | J10: =IF(A10="","",IF(B10="","Inválida: sem resultado MES",IF(E10<Parametros!$B$4,"Inválida: poucos ensaios do módulo",IF(H10<Parametros!$B$5,"Inválida: amostragem em manual ou em falha",IF(OR(I10="",I10<Parametros!$B$6),"Inválida: usina parada ou baixa alimentação","Válida"))))) -> Válida | K10: =IF(J10="Válida",F10-B10,"") -> 13.75 | L10: =IF(J10="Válida",K10/B10,"") -> 0.046452703 | M10: =IF(J10="Válida",(F10+B10)/2,"") -> 302.875 | N10: =IF(K10="","",IF(OR(K10>Resumo!$B$16,K10<Resumo!$B$15),"Sim","Não")) -> Não | O10: =IF(A10="",NA(),A10) -> 46315.75 | P10: =IF(A10="",NA(),B10) -> 296 | Q10: =IF(F10="",NA(),F10) -> 309.75 | R10: =IF(K10="",NA(),K10) -> 13.75 | S10: =IF(M10="",NA(),M10) -> 302.875 | T10: =IF(J10="Válida",B10,"") -> 296 | U10: =IF(J10="Válida",F10,"") -> 309.75
A11: =IF(MES!A11="","",MES!A11) -> 46315.833 | B11: =IF(A11="","",MES!B11) -> 303 | C11: =IF(A11="","",A11+Parametros!$B$3/24) -> 46315.75 | D11: =IF(A11="","",C11+Parametros!$B$2/24) -> 46315.833 | E11: =IF(A11="","",COUNTIFS(Modulo!$A$2:$A$5001,">="&C11,Modulo!$A$2:$A$5001,"<"&D11,Modulo!$D$2:$D$5001,Parametros!$B$7)) -> 4 | F11: =IF(A11="","",IF(E11=0,"",AVERAGEIFS(Modulo!$B$2:$B$5001,Modulo!$A$2:$A$5001,">="&C11,Modulo!$A$2:$A$5001,"<"&D11,Modulo!$D$2:$D$5001,Parametros!$B$7))) -> 314.6 | G11: =IF(A11="","",IF(E11=0,"",AVERAGEIFS(Modulo!$C$2:$C$5001,Modulo!$A$2:$A$5001,">="&C11,Modulo!$A$2:$A$5001,"<"&D11,Modulo!$D$2:$D$5001,Parametros!$B$7))) -> 51.35 | H11: =IF(A11="","",IFERROR(COUNTIFS(Amostragem!$A$2:$A$15003,">="&C11,Amostragem!$A$2:$A$15003,"<"&D11,Amostragem!$B$2:$B$15003,"Automático",Amostragem!$C$2:$C$15003,"Automático",Amostragem!$D$2:$D$15003,0)/COUNTIFS(Amostragem!$A$2:$A$15003,">="&C11,Amostragem!$A$2:$A$15003,"<"&D11),0)) -> 1 | I11: =IF(A11="","",IFERROR(AVERAGEIFS(Amostragem!$E$2:$E$15003,Amostragem!$A$2:$A$15003,">="&C11,Amostragem!$A$2:$A$15003,"<"&D11),"")) -> 1187.175 | J11: =IF(A11="","",IF(B11="","Inválida: sem resultado MES",IF(E11<Parametros!$B$4,"Inválida: poucos ensaios do módulo",IF(H11<Parametros!$B$5,"Inválida: amostragem em manual ou em falha",IF(OR(I11="",I11<Parametros!$B$6),"Inválida: usina parada ou baixa alimentação","Válida"))))) -> Válida | K11: =IF(J11="Válida",F11-B11,"") -> 11.6 | L11: =IF(J11="Válida",K11/B11,"") -> 0.038283828 | M11: =IF(J11="Válida",(F11+B11)/2,"") -> 308.8 | N11: =IF(K11="","",IF(OR(K11>Resumo!$B$16,K11<Resumo!$B$15),"Sim","Não")) -> Não | O11: =IF(A11="",NA(),A11) -> 46315.833 | P11: =IF(A11="",NA(),B11) -> 303 | Q11: =IF(F11="",NA(),F11) -> 314.6 | R11: =IF(K11="",NA(),K11) -> 11.6 | S11: =IF(M11="",NA(),M11) -> 308.8 | T11: =IF(J11="Válida",B11,"") -> 303 | U11: =IF(J11="Válida",F11,"") -> 314.6
A12: =IF(MES!A12="","",MES!A12) -> 46315.917 | B12: =IF(A12="","",MES!B12) -> 281 | C12: =IF(A12="","",A12+Parametros!$B$3/24) -> 46315.833 | D12: =IF(A12="","",C12+Parametros!$B$2/24) -> 46315.917 | E12: =IF(A12="","",COUNTIFS(Modulo!$A$2:$A$5001,">="&C12,Modulo!$A$2:$A$5001,"<"&D12,Modulo!$D$2:$D$5001,Parametros!$B$7)) -> 3 | F12: =IF(A12="","",IF(E12=0,"",AVERAGEIFS(Modulo!$B$2:$B$5001,Modulo!$A$2:$A$5001,">="&C12,Modulo!$A$2:$A$5001,"<"&D12,Modulo!$D$2:$D$5001,Parametros!$B$7))) -> 296.93333 | G12: =IF(A12="","",IF(E12=0,"",AVERAGEIFS(Modulo!$C$2:$C$5001,Modulo!$A$2:$A$5001,">="&C12,Modulo!$A$2:$A$5001,"<"&D12,Modulo!$D$2:$D$5001,Parametros!$B$7))) -> 50.7 | H12: =IF(A12="","",IFERROR(COUNTIFS(Amostragem!$A$2:$A$15003,">="&C12,Amostragem!$A$2:$A$15003,"<"&D12,Amostragem!$B$2:$B$15003,"Automático",Amostragem!$C$2:$C$15003,"Automático",Amostragem!$D$2:$D$15003,0)/COUNTIFS(Amostragem!$A$2:$A$15003,">="&C12,Amostragem!$A$2:$A$15003,"<"&D12),0)) -> 1 | I12: =IF(A12="","",IFERROR(AVERAGEIFS(Amostragem!$E$2:$E$15003,Amostragem!$A$2:$A$15003,">="&C12,Amostragem!$A$2:$A$15003,"<"&D12),"")) -> 1204.5083 | J12: =IF(A12="","",IF(B12="","Inválida: sem resultado MES",IF(E12<Parametros!$B$4,"Inválida: poucos ensaios do módulo",IF(H12<Parametros!$B$5,"Inválida: amostragem em manual ou em falha",IF(OR(I12="",I12<Parametros!$B$6),"Inválida: usina parada ou baixa alimentação","Válida"))))) -> Válida | K12: =IF(J12="Válida",F12-B12,"") -> 15.933333 | L12: =IF(J12="Válida",K12/B12,"") -> 0.056702254 | M12: =IF(J12="Válida",(F12+B12)/2,"") -> 288.96667 | N12: =IF(K12="","",IF(OR(K12>Resumo!$B$16,K12<Resumo!$B$15),"Sim","Não")) -> Não | O12: =IF(A12="",NA(),A12) -> 46315.917 | P12: =IF(A12="",NA(),B12) -> 281 | Q12: =IF(F12="",NA(),F12) -> 296.93333 | R12: =IF(K12="",NA(),K12) -> 15.933333 | S12: =IF(M12="",NA(),M12) -> 288.96667 | T12: =IF(J12="Válida",B12,"") -> 281 | U12: =IF(J12="Válida",F12,"") -> 296.93333
A13: =IF(MES!A13="","",MES!A13) -> 46316 | B13: =IF(A13="","",MES!B13) -> 277 | C13: =IF(A13="","",A13+Parametros!$B$3/24) -> 46315.917 | D13: =IF(A13="","",C13+Parametros!$B$2/24) -> 46316 | E13: =IF(A13="","",COUNTIFS(Modulo!$A$2:$A$5001,">="&C13,Modulo!$A$2:$A$5001,"<"&D13,Modulo!$D$2:$D$5001,Parametros!$B$7)) -> 4 | F13: =IF(A13="","",IF(E13=0,"",AVERAGEIFS(Modulo!$B$2:$B$5001,Modulo!$A$2:$A$5001,">="&C13,Modulo!$A$2:$A$5001,"<"&D13,Modulo!$D$2:$D$5001,Parametros!$B$7))) -> 293.425 | G13: =IF(A13="","",IF(E13=0,"",AVERAGEIFS(Modulo!$C$2:$C$5001,Modulo!$A$2:$A$5001,">="&C13,Modulo!$A$2:$A$5001,"<"&D13,Modulo!$D$2:$D$5001,Parametros!$B$7))) -> 54.15 | H13: =IF(A13="","",IFERROR(COUNTIFS(Amostragem!$A$2:$A$15003,">="&C13,Amostragem!$A$2:$A$15003,"<"&D13,Amostragem!$B$2:$B$15003,"Automático",Amostragem!$C$2:$C$15003,"Automático",Amostragem!$D$2:$D$15003,0)/COUNTIFS(Amostragem!$A$2:$A$15003,">="&C13,Amostragem!$A$2:$A$15003,"<"&D13),0)) -> 1 | I13: =IF(A13="","",IFERROR(AVERAGEIFS(Amostragem!$E$2:$E$15003,Amostragem!$A$2:$A$15003,">="&C13,Amostragem!$A$2:$A$15003,"<"&D13),"")) -> 1178.0167 | J13: =IF(A13="","",IF(B13="","Inválida: sem resultado MES",IF(E13<Parametros!$B$4,"Inválida: poucos ensaios do módulo",IF(H13<Parametros!$B$5,"Inválida: amostragem em manual ou em falha",IF(OR(I13="",I13<Parametros!$B$6),"Inválida: usina parada ou baixa alimentação","Válida"))))) -> Válida | K13: =IF(J13="Válida",F13-B13,"") -> 16.425 | L13: =IF(J13="Válida",K13/B13,"") -> 0.059296029 | M13: =IF(J13="Válida",(F13+B13)/2,"") -> 285.2125 | N13: =IF(K13="","",IF(OR(K13>Resumo!$B$16,K13<Resumo!$B$15),"Sim","Não")) -> Não | O13: =IF(A13="",NA(),A13) -> 46316 | P13: =IF(A13="",NA(),B13) -> 277 | Q13: =IF(F13="",NA(),F13) -> 293.425 | R13: =IF(K13="",NA(),K13) -> 16.425 | S13: =IF(M13="",NA(),M13) -> 285.2125 | T13: =IF(J13="Válida",B13,"") -> 277 | U13: =IF(J13="Válida",F13,"") -> 293.425
... A501: =IF(MES!A501="","",MES!A501) | B501: =IF(A501="","",MES!B501) | C501: =IF(A501="","",A501+Parametros!$B$3/24) | D501: =IF(A501="","",C501+Parametros!$B$2/24) | E501: =IF(A501="","",COUNTIFS(Modulo!$A$2:$A$5001,">="&C501,Modulo!$A$2:$A$5001,"<"&D501,Modulo!$D$2:$D$5001,Parametros!$B$7)) | F501: =IF(A501="","",IF(E501=0,"",AVERAGEIFS(Modulo!$B$2:$B$5001,Modulo!$A$2:$A$5001,">="&C501,Modulo!$A$2:$A$5001,"<"&D501,Modulo!$D$2:$D$5001,Parametros!$B$7))) | G501: =IF(A501="","",IF(E501=0,"",AVERAGEIFS(Modulo!$C$2:$C$5001,Modulo!$A$2:$A$5001,">="&C501,Modulo!$A$2:$A$5001,"<"&D501,Modulo!$D$2:$D$5001,Parametros!$B$7))) | H501: =IF(A501="","",IFERROR(COUNTIFS(Amostragem!$A$2:$A$15003,">="&C501,Amostragem!$A$2:$A$15003,"<"&D501,Amostragem!$B$2:$B$15003,"Automático",Amostragem!$C$2:$C$15003,"Automático",Amostragem!$D$2:$D$15003,0)/COUNTIFS(Amostragem!$A$2:$A$15003,">="&C501,Amostragem!$A$2:$A$15003,"<"&D501),0)) | I501: =IF(A501="","",IFERROR(AVERAGEIFS(Amostragem!$E$2:$E$15003,Amostragem!$A$2:$A$15003,">="&C501,Amostragem!$A$2:$A$15003,"<"&D501),"")) | J501: =IF(A501="","",IF(B501="","Inválida: sem resultado MES",IF(E501<Parametros!$B$4,"Inválida: poucos ensaios do módulo",IF(H501<Parametros!$B$5,"Inválida: amostragem em manual ou em falha",IF(OR(I501="",I501<Parametros!$B$6),"Inválida: usina parada ou baixa alimentação","Válida"))))) | K501: =IF(J501="Válida",F501-B501,"") | L501: =IF(J501="Válida",K501/B501,"") | M501: =IF(J501="Válida",(F501+B501)/2,"") | N501: =IF(K501="","",IF(OR(K501>Resumo!$B$16,K501<Resumo!$B$15),"Sim","Não")) | O501: =IF(A501="",NA(),A501) -> #N/A | P501: =IF(A501="",NA(),B501) -> #N/A | Q501: =IF(F501="",NA(),F501) -> #N/A | R501: =IF(K501="",NA(),K501) -> #N/A | S501: =IF(M501="",NA(),M501) -> #N/A | T501: =IF(J501="Válida",B501,"") | U501: =IF(J501="Válida",F501,"")
